place_id,place_name,city,state,source_url,final_resolved_url,http_status,page_title,source_quality,validation_result,audit_note
"taj-mahal","Taj Mahal","Agra","Uttar Pradesh","https://whc.unesco.org/en/list/252/","https://whc.unesco.org/en/list/252/",200,"Taj Mahal - UNESCO World Heritage Centre","place_specific","PASSED","Verified live HTTP 200 on 2026-09-10. Title: ""Taj Mahal - UNESCO World Heritage Centre"""
"fatehpur-sikri","Fatehpur Sikri City of Victory","agra-district","Uttar Pradesh","https://whc.unesco.org/en/list/255/","https://whc.unesco.org/en/list/255/",200,"Fatehpur Sikri - UNESCO World Heritage Centre","place_specific","PASSED","Verified live HTTP 200 on 2026-09-10. Title: ""Fatehpur Sikri - UNESCO World Heritage Centre"""
"qutub-minar","Qutub Minar & Complex","new-delhi","delhi-nct-","https://whc.unesco.org/en/list/233/","https://whc.unesco.org/en/list/233/",200,"Qutb Minar and its Monuments, Delhi - UNESCO World Heritage Centre","place_specific","PASSED","Verified live HTTP 200 on 2026-09-10. Title: ""Qutb Minar and its Monuments, Delhi - UNESCO World Heritage Centre"""
"red-fort","Red Fort (Lal Qila)","old-delhi","delhi-nct-","https://whc.unesco.org/en/list/231/","https://whc.unesco.org/en/list/231/",200,"Red Fort Complex - UNESCO World Heritage Centre","place_specific","PASSED","Verified live HTTP 200 on 2026-09-10. Title: ""Red Fort Complex - UNESCO World Heritage Centre"""
"humayuns-tomb","Humayun's Tomb","new-delhi","delhi-nct-","https://whc.unesco.org/en/list/232/","https://whc.unesco.org/en/list/232/",200,"Humayun's Tomb, Delhi - UNESCO World Heritage Centre","place_specific","PASSED","Verified live HTTP 200 on 2026-09-10. Title: ""Humayun's Tomb, Delhi - UNESCO World Heritage Centre"""
"golden-temple-amritsar","Sri Harmandir Sahib (The Golden Temple)","Amritsar","Punjab","https://punjabtourism.punjab.gov.in/destination/amritsar","https://punjabtourism.punjab.gov.in/en/destination/amritsar/",404,"Punjab Tourism | Government of Punjab","place_specific","FAILED","[Live Audit Failed 2026-09-10] HTTP 404 (Not Found)"
"kalka-shimla-railway","Kalka-Shimla Mountain Railway","Shimla","Himachal Pradesh","https://whc.unesco.org/en/list/944/","https://whc.unesco.org/en/list/944/",200,"Mountain Railways of India - UNESCO World Heritage Centre","place_specific","PASSED","Verified live HTTP 200 on 2026-09-10. Title: ""Mountain Railways of India - UNESCO World Heritage Centre"""
"amber-fort","Amber Fort & Palace (Amer)","Jaipur","Rajasthan","https://whc.unesco.org/en/list/247/","https://whc.unesco.org/en/list/247/",200,"Hill Forts of Rajasthan - UNESCO World Heritage Centre","place_specific","PASSED","Verified live HTTP 200 on 2026-09-10. Title: ""Hill Forts of Rajasthan - UNESCO World Heritage Centre"""
"hawa-mahal","Hawa Mahal (Palace of Winds)","Jaipur","Rajasthan","https://www.tourism.rajasthan.gov.in/jaipur.html","https://www.tourism.rajasthan.gov.in/jaipur.html",200,"Jaipur Tourism: Places to Visit, Sightseeing, Trip to Jaipur- Rajasthan Tourism","place_specific","PASSED","Verified live HTTP 200 on 2026-09-10. Title: ""Jaipur Tourism: Places to Visit, Sightseeing, Trip to Jaipur- Rajasthan Tourism"""
"jaisalmer-fort","Jaisalmer Fort (Sonar Qila / Golden Fort)","jaisalmer","Rajasthan","https://whc.unesco.org/en/list/247/","https://whc.unesco.org/en/list/247/",200,"Hill Forts of Rajasthan - UNESCO World Heritage Centre","place_specific","PASSED","Verified live HTTP 200 on 2026-09-10. Title: ""Hill Forts of Rajasthan - UNESCO World Heritage Centre"""
"rani-ki-vav","Rani ki Vav (The Queen's Stepwell)","Patan","Gujarat","https://whc.unesco.org/en/list/922/","https://whc.unesco.org/en/list/922/",200,"Rani-ki-Vav (the Queen’s Stepwell) at Patan, Gujarat - UNESCO World Heritage Centre","place_specific","PASSED","Verified live HTTP 200 on 2026-09-10. Title: ""Rani-ki-Vav (the Queen’s Stepwell) at Patan, Gujarat - UNESCO World Heritage Centre"""
"champaner-pavagadh","Champaner-Pavagadh Archaeological Park","panchmahal","Gujarat","https://whc.unesco.org/en/list/1101/","https://whc.unesco.org/en/list/1101/",200,"Champaner-Pavagadh Archaeological Park - UNESCO World Heritage Centre","place_specific","PASSED","Verified live HTTP 200 on 2026-09-10. Title: ""Champaner-Pavagadh Archaeological Park - UNESCO World Heritage Centre"""
"ajanta-caves","Ajanta Caves","chhatrapati-sambhajinagar","Maharashtra","https://whc.unesco.org/en/list/242/","https://whc.unesco.org/en/list/242/",200,"Ajanta Caves - UNESCO World Heritage Centre","place_specific","PASSED","Verified live HTTP 200 on 2026-09-10. Title: ""Ajanta Caves - UNESCO World Heritage Centre"""
"ellora-caves","Ellora Caves & Kailasa Temple","chhatrapati-sambhajinagar","Maharashtra","https://whc.unesco.org/en/list/243/","https://whc.unesco.org/en/list/243/",200,"Ellora Caves - UNESCO World Heritage Centre","place_specific","PASSED","Verified live HTTP 200 on 2026-09-10. Title: ""Ellora Caves - UNESCO World Heritage Centre"""
"csmt","Chhatrapati Shivaji Maharaj Terminus (CSMT)","Mumbai","Maharashtra","https://whc.unesco.org/en/list/945/","https://whc.unesco.org/en/list/945/",200,"Chhatrapati Shivaji Terminus (formerly Victoria Terminus) - UNESCO World Heritage Centre","place_specific","PASSED","Verified live HTTP 200 on 2026-09-10. Title: ""Chhatrapati Shivaji Terminus (formerly Victoria Terminus) - UNESCO World Heritage Centre"""
"basilica-of-bom-jesus","Basilica of Bom Jesus & Old Goa Churches","old-goa","Goa","https://whc.unesco.org/en/list/234/","https://whc.unesco.org/en/list/234/",200,"Churches and Convents of Goa - UNESCO World Heritage Centre","place_specific","PASSED","Verified live HTTP 200 on 2026-09-10. Title: ""Churches and Convents of Goa - UNESCO World Heritage Centre"""
"hampi-monuments","Group of Monuments at Hampi (Vijayanagara)","vijayanagara-district","Karnataka","https://whc.unesco.org/en/list/241/","https://whc.unesco.org/en/list/241/",200,"Group of Monuments at Hampi - UNESCO World Heritage Centre","place_specific","PASSED","Verified live HTTP 200 on 2026-09-10. Title: ""Group of Monuments at Hampi - UNESCO World Heritage Centre"""
"pattadakal-monuments","Group of Monuments at Pattadakal","bagalkot-district","Karnataka","https://whc.unesco.org/en/list/239/","https://whc.unesco.org/en/list/239/",200,"Group of Monuments at Pattadakal - UNESCO World Heritage Centre","place_specific","PASSED","Verified live HTTP 200 on 2026-09-10. Title: ""Group of Monuments at Pattadakal - UNESCO World Heritage Centre"""
"hoysala-temples-belur","Sacred Ensembles of the Hoysalas (Belur & Halebidu)","hassan-district","Karnataka","https://whc.unesco.org/en/list/1670/","https://whc.unesco.org/en/list/1670/",200,"Sacred Ensembles of the Hoysalas - UNESCO World Heritage Centre","place_specific","PASSED","Verified live HTTP 200 on 2026-09-10. Title: ""Sacred Ensembles of the Hoysalas - UNESCO World Heritage Centre"""
"brihadisvara-temple","Brihadisvara Temple (Peruvudaiyar Kovil)","Thanjavur","Tamil Nadu","https://whc.unesco.org/en/list/250/","https://whc.unesco.org/en/list/250/",200,"Great Living Chola Temples - UNESCO World Heritage Centre","place_specific","PASSED","Verified live HTTP 200 on 2026-09-10. Title: ""Great Living Chola Temples - UNESCO World Heritage Centre"""
"shore-temple-mahabalipuram","Shore Temple & Monuments at Mahabalipuram","chengalpattu-district","Tamil Nadu","https://whc.unesco.org/en/list/249/","https://whc.unesco.org/en/list/249/",200,"Group of Monuments at Mahabalipuram - UNESCO World Heritage Centre","place_specific","PASSED","Verified live HTTP 200 on 2026-09-10. Title: ""Group of Monuments at Mahabalipuram - UNESCO World Heritage Centre"""
"ramappa-temple","Kakatiya Rudreshwara (Ramappa) Temple","palampet-mulugu","Telangana","https://whc.unesco.org/en/list/1570/","https://whc.unesco.org/en/list/1570/",200,"Kakatiya Rudreshwara (Ramappa) Temple, Telangana - UNESCO World Heritage Centre","place_specific","PASSED","Verified live HTTP 200 on 2026-09-10. Title: ""Kakatiya Rudreshwara (Ramappa) Temple, Telangana - UNESCO World Heritage Centre"""
"khajuraho-monuments","Khajuraho Group of Monuments","chhatarpur-district","Madhya Pradesh","https://whc.unesco.org/en/list/240/","https://whc.unesco.org/en/list/240/",200,"Khajuraho Group of Monuments - UNESCO World Heritage Centre","place_specific","PASSED","Verified live HTTP 200 on 2026-09-10. Title: ""Khajuraho Group of Monuments - UNESCO World Heritage Centre"""
"sanchi-stupa","Great Stupa at Sanchi","raisen-district","Madhya Pradesh","https://whc.unesco.org/en/list/524/","https://whc.unesco.org/en/list/524/",200,"Buddhist Monuments at Sanchi - UNESCO World Heritage Centre","place_specific","PASSED","Verified live HTTP 200 on 2026-09-10. Title: ""Buddhist Monuments at Sanchi - UNESCO World Heritage Centre"""
"sun-temple-konark","Sun Temple Konark (Black Pagoda)","puri-district","Odisha","https://whc.unesco.org/en/list/246/","https://whc.unesco.org/en/list/246/",200,"Sun Temple, Konârak - UNESCO World Heritage Centre","place_specific","PASSED","Verified live HTTP 200 on 2026-09-10. Title: ""Sun Temple, Konârak - UNESCO World Heritage Centre"""
"mahabodhi-temple","Mahabodhi Temple Complex","bodh-gaya","Bihar","https://whc.unesco.org/en/list/1056/","https://whc.unesco.org/en/list/1056/",200,"Mahabodhi Temple Complex at Bodh Gaya - UNESCO World Heritage Centre","place_specific","PASSED","Verified live HTTP 200 on 2026-09-10. Title: ""Mahabodhi Temple Complex at Bodh Gaya - UNESCO World Heritage Centre"""
"nalanda-university-ruins","Archaeological Site of Nalanda Mahavihara","Nalanda","Bihar","https://whc.unesco.org/en/list/1502/","https://whc.unesco.org/en/list/1502/",200,"Archaeological Site of Nalanda Mahavihara at Nalanda, Bihar - UNESCO World Heritage Centre","place_specific","PASSED","Verified live HTTP 200 on 2026-09-10. Title: ""Archaeological Site of Nalanda Mahavihara at Nalanda, Bihar - UNESCO World Heritage Centre"""
"kaziranga-living-heritage","Kaziranga Living Heritage & Wilderness","golaghat-nagaon","Assam","https://whc.unesco.org/en/list/337/","https://whc.unesco.org/en/list/337/",200,"Kaziranga National Park - UNESCO World Heritage Centre","place_specific","PASSED","Verified live HTTP 200 on 2026-09-10. Title: ""Kaziranga National Park - UNESCO World Heritage Centre"""
"shimla-mall-road-ridge","The Ridge & Mall Road","Shimla","Himachal Pradesh","https://himachaltourism.gov.in/destination/shimla/","https://himachaltourism.gov.in/destination/shimla/",200,"Shimla - Himachal Tourism Official Website","place_specific","PASSED","Verified live HTTP 200 on 2026-09-10. Title: ""Shimla - Himachal Tourism Official Website"""
"shimla-viceregal-lodge","Viceregal Lodge (Indian Institute of Advanced Study)","Shimla","Himachal Pradesh","https://www.iias.ac.in/estate-and-gardens/","https://iias.ac.in/estate-and-gardens/",404,"Page not found &#8211; Indian Institute of Advanced Study","place_specific","FAILED","[Live Audit Failed 2026-09-10] HTTP 404 (Not Found)"
"shimla-christ-church","Christ Church Shimla","Shimla","Himachal Pradesh","https://himachaltourism.gov.in/destination/shimla/","https://himachaltourism.gov.in/destination/shimla/",200,"Shimla - Himachal Tourism Official Website","place_specific","PASSED","Verified live HTTP 200 on 2026-09-10. Title: ""Shimla - Himachal Tourism Official Website"""
"manali-hadimba-temple","Hadimba Devi Temple (Dhungari Temple)","Manali","Himachal Pradesh","https://hpkullu.nic.in/tourist-place/hadimba-temple/","https://hpkullu.nic.in/tourist-place/hadimba-temple/",404,"Error 404 | District Kullu | India","place_specific","FAILED","[Live Audit Failed 2026-09-10] HTTP 404 (Not Found)"
"manali-solang-valley","Solang Valley","Manali","Himachal Pradesh","https://himachaltourism.gov.in/destination/manali/","https://himachaltourism.gov.in/destination/manali/",200,"Manali - Himachal Tourism Official Website","place_specific","PASSED","Verified live HTTP 200 on 2026-09-10. Title: ""Manali - Himachal Tourism Official Website"""
"spiti-tabo-monastery","Tabo Monastery (Ajanta of the Himalayas)","Spiti Valley","Himachal Pradesh","https://whc.unesco.org/en/tentativelists/6055/","https://whc.unesco.org/en/tentativelists/6055/",200,"Cold Desert Cultural Landscape of India - UNESCO World Heritage Centre","place_specific","PASSED","Verified live HTTP 200 on 2026-09-10. Title: ""Cold Desert Cultural Landscape of India - UNESCO World Heritage Centre"""
"spiti-key-monastery","Key Monastery (Kye Gompa)","Spiti Valley","Himachal Pradesh","https://hplahaulspiti.nic.in/tourist-place/kye-monastery/","https://hplahaulspiti.nic.in/tourist-place/kye-monastery/",404,"Error 404 | District Lahaul and Spiti, Government of Himachal Pradesh | India","place_specific","FAILED","[Live Audit Failed 2026-09-10] HTTP 404 (Not Found)"
"spiti-chandratal-lake","Chandratal Lake (Moon Lake)","Spiti Valley","Himachal Pradesh","https://rsis.ramsar.org/ris/1569","https://rsis.ramsar.org/ris/1569",418,"Checking you are not a bot","place_specific","FAILED","[Live Audit Failed 2026-09-10] HTTP 418 (I'm a teapot (Bot Blocked))"
"dharamshala-tsuglagkhang","Tsuglagkhang Complex (Dalai Lama Temple)","Dharamshala","Himachal Pradesh","https://hpkangra.nic.in/tourist-place/tsuglagkhang-temple-mcleodganj/","https://hpkangra.nic.in/tourist-place/tsuglagkhang-temple-mcleodganj/",404,"Error 404 | District Kangra, Government of Himachal Pradesh | India","place_specific","FAILED","[Live Audit Failed 2026-09-10] HTTP 404 (Not Found)"
"kangra-fort","Kangra Fort (Nagarkot)","Kangra","Himachal Pradesh","https://hpkangra.nic.in/tourist-place/kangra-fort/","https://hpkangra.nic.in/tourist-place/kangra-fort/",200,"Kangra Fort | District Kangra, Government of Himachal Pradesh | India","place_specific","PASSED","Verified live HTTP 200 on 2026-09-10. Title: ""Kangra Fort | District Kangra, Government of Himachal Pradesh | India"""
"kangra-masrur-temples","Masrur Rock Cut Temples (Himalayan Pyramid)","Kangra","Himachal Pradesh","https://whc.unesco.org/en/tentativelists/5984/","https://whc.unesco.org/en/tentativelists/5984/",200,"","place_specific","FAILED","[Live Audit Failed 2026-09-10] UNESCO site title/content mismatch (Page Title: ""No Title"")"
"kullu-ghnp","Great Himalayan National Park (GHNP)","Kullu","Himachal Pradesh","https://whc.unesco.org/en/list/1406/","https://whc.unesco.org/en/list/1406/",200,"Great Himalayan National Park Conservation Area - UNESCO World Heritage Centre","place_specific","PASSED","Verified live HTTP 200 on 2026-09-10. Title: ""Great Himalayan National Park Conservation Area - UNESCO World Heritage Centre"""
"amritsar-jallianwala-bagh","Jallianwala Bagh National Memorial","Amritsar","Punjab","https://amritsar.nic.in/tourist-place/jallianwala-bagh/","https://amritsar.nic.in/tourist-place/jallianwala-bagh/",404,"Error 404 | District Amritsar, Government of Punjab | India","place_specific","FAILED","[Live Audit Failed 2026-09-10] HTTP 404 (Not Found)"
"amritsar-partition-museum","The Partition Museum, Town Hall","Amritsar","Punjab","https://www.partitionmuseum.org","https://www.partitionmuseum.org/",200,"Partition Museum | Amritsar","official_site","PASSED","Verified live HTTP 200 on 2026-09-10. Title: ""Partition Museum | Amritsar"""
"patiala-qila-mubarak","Qila Mubarak Complex","Patiala","Punjab","https://patiala.nic.in/tourist-place/qila-mubarak/","https://patiala.nic.in/tourist-place/qila-mubarak/",404,"Error 404 | District Patiala, Government of Punjab | India","place_specific","FAILED","[Live Audit Failed 2026-09-10] HTTP 404 (Not Found)"
"anandpur-virasat-e-khalsa","Virasat-e-Khalsa Museum","Anandpur Sahib","Punjab","https://rupnagar.nic.in/tourist-place/virasat-e-khalsa/","https://rupnagar.nic.in/tourist-place/virasat-e-khalsa/",200,"Virasat-e-Khalsa | Rupnagar Web Portal | India","place_specific","PASSED","Verified live HTTP 200 on 2026-09-10. Title: ""Virasat-e-Khalsa | Rupnagar Web Portal | India"""
"jaipur-jantar-mantar","Jantar Mantar Observatory","Jaipur","Rajasthan","https://whc.unesco.org/en/list/1338/","https://whc.unesco.org/en/list/1338/",200,"The Jantar Mantar, Jaipur - UNESCO World Heritage Centre","place_specific","PASSED","Verified live HTTP 200 on 2026-09-10. Title: ""The Jantar Mantar, Jaipur - UNESCO World Heritage Centre"""
"udaipur-city-palace","City Palace Complex Udaipur","Udaipur","Rajasthan","https://www.eternalmewar.in","https://www.eternalmewar.in/",200,"House of Mewar | Oldest Serving Dynasty | Eternal Mewar","official_site","PASSED","Verified live HTTP 200 on 2026-09-10. Title: ""House of Mewar | Oldest Serving Dynasty | Eternal Mewar"""
"agra-fort","Agra Fort","Agra","Uttar Pradesh","https://whc.unesco.org/en/list/251/","https://whc.unesco.org/en/list/251/",200,"Agra Fort - UNESCO World Heritage Centre","place_specific","PASSED","Verified live HTTP 200 on 2026-09-10. Title: ""Agra Fort - UNESCO World Heritage Centre"""
"varanasi-kashi-vishwanath","Shri Kashi Vishwanath Temple & Corridor","Varanasi","Uttar Pradesh","https://shrikashivishwanath.org","https://shrikashivishwanath.org/",200,"Shri Kashi Vishwanath Official Web Portal","official_site","PASSED","Verified live HTTP 200 on 2026-09-10. Title: ""Shri Kashi Vishwanath Official Web Portal"""
"varanasi-dashashwamedh-ghat","Dashashwamedh Ghat & Ganga Aarti","Varanasi","Uttar Pradesh","https://varanasi.nic.in/tourist-place/dashashwamedh-ghat/","https://varanasi.nic.in/tourist-place/dashashwamedh-ghat/",404,"Error 404 | District Varanasi, Government of Uttar Pradesh | India","place_specific","FAILED","[Live Audit Failed 2026-09-10] HTTP 404 (Not Found)"
"nanda-devi-national-park","Nanda Devi National Park","Chamoli","Uttarakhand","https://whc.unesco.org/en/list/335","https://whc.unesco.org/en/list/335",200,"Nanda Devi and Valley of Flowers National Parks - UNESCO World Heritage Centre","place_specific","PASSED","Verified live HTTP 200 on 2026-09-10. Title: ""Nanda Devi and Valley of Flowers National Parks - UNESCO World Heritage Centre"""
"valley-of-flowers-chamoli","Valley of Flowers National Park & Hemkund Sahib","Chamoli","Uttarakhand","https://whc.unesco.org/en/list/335","https://whc.unesco.org/en/list/335",200,"Nanda Devi and Valley of Flowers National Parks - UNESCO World Heritage Centre","place_specific","PASSED","Verified live HTTP 200 on 2026-09-10. Title: ""Nanda Devi and Valley of Flowers National Parks - UNESCO World Heritage Centre"""
"tawang-monastery","Tawang Monastery (Galden Namgey Lhatse)","Tawang","Arunachal Pradesh","https://tawang.nic.in/tourist-place/tawang-monastery/","https://tawang.nic.in/tourist-place/tawang-monastery/",404,"Error 404 | Tawang District | India","place_specific","FAILED","[Live Audit Failed 2026-09-10] HTTP 404 (Not Found)"
"tawang-sela-pass","Sela Pass & Sela Lake","Tawang","Arunachal Pradesh","https://tawang.nic.in/tourist-place/sela-pass/","https://tawang.nic.in/tourist-place/sela-pass/",404,"Error 404 | Tawang District | India","place_specific","FAILED","[Live Audit Failed 2026-09-10] HTTP 404 (Not Found)"
"ziro-apatani-landscape","Apatani Cultural Landscape & Villages","Ziro Valley","Arunachal Pradesh","https://whc.unesco.org/en/tentativelists/5893/","https://whc.unesco.org/en/tentativelists/5893/",200,"Apatani Cultural Landscape - UNESCO World Heritage Centre","place_specific","PASSED","Verified live HTTP 200 on 2026-09-10. Title: ""Apatani Cultural Landscape - UNESCO World Heritage Centre"""
"khangchendzonga-national-park","Khangchendzonga National Park","Mangan","Sikkim","https://whc.unesco.org/en/list/1513","https://whc.unesco.org/en/list/1513",200,"Khangchendzonga National Park - UNESCO World Heritage Centre","place_specific","PASSED","Verified live HTTP 200 on 2026-09-10. Title: ""Khangchendzonga National Park - UNESCO World Heritage Centre"""
"great-stupa-sanchi","Great Stupa & Buddhist Monuments at Sanchi","Sanchi","Madhya Pradesh","https://whc.unesco.org/en/list/524","https://whc.unesco.org/en/list/524",200,"Buddhist Monuments at Sanchi - UNESCO World Heritage Centre","place_specific","PASSED","Verified live HTTP 200 on 2026-09-10. Title: ""Buddhist Monuments at Sanchi - UNESCO World Heritage Centre"""
"akshardham-temple-gandhinagar","Akshardham Temple Gandhinagar","Gandhinagar","Gujarat","https://www.gujarattourism.com/central-zone/gandhinagar/akshardham-temple.html","https://gujarattourism.com:443/central-zone/gandhinagar/akshardham-temple.html",200,"Akshardham Temple","place_specific","PASSED","Verified live HTTP 200 on 2026-09-10. Title: ""Akshardham Temple"""
"somnath-jyotirlinga-temple-gir-somnath","Somnath Jyotirlinga Temple","Gir Somnath","Gujarat","https://somnath.org","https://somnath.org/",200,"Jay Somnath | Somnath.org","official_site","PASSED","Verified live HTTP 200 on 2026-09-10. Title: ""Jay Somnath | Somnath.org"""
"kaas-plateau-satara","Kaas Plateau (Valley of Flowers of Maharashtra)","Satara","Maharashtra","https://whc.unesco.org/en/list/1363","https://whc.unesco.org/en/list/1363",200,"Prehistoric Pile Dwellings around the Alps - UNESCO World Heritage Centre","place_specific","FAILED","[Live Audit Failed 2026-09-10] UNESCO site title/content mismatch (Page Title: ""Prehistoric Pile Dwellings around the Alps - UNESCO World Heritage Centre"")"
"pattadakal-monuments-bagalkote","Pattadakal Group of Monuments & Aihole","Bagalkote","Karnataka","https://whc.unesco.org/en/list/239","https://whc.unesco.org/en/list/239",200,"Group of Monuments at Pattadakal - UNESCO World Heritage Centre","place_specific","PASSED","Verified live HTTP 200 on 2026-09-10. Title: ""Group of Monuments at Pattadakal - UNESCO World Heritage Centre"""
"chennakeshava-temple-somnathpura","Keshava (Chennakeshava) Temple Somnathpura","Somnathpura","Karnataka","https://whc.unesco.org/en/list/1670","https://whc.unesco.org/en/list/1670",200,"Sacred Ensembles of the Hoysalas - UNESCO World Heritage Centre","place_specific","PASSED","Verified live HTTP 200 on 2026-09-10. Title: ""Sacred Ensembles of the Hoysalas - UNESCO World Heritage Centre"""
"shore-temple-mamallapuram","Shore Temple & Pancha Rathas (Mamallapuram)","Mamallapuram","Tamil Nadu","https://whc.unesco.org/en/list/249","https://whc.unesco.org/en/list/249",200,"Group of Monuments at Mahabalipuram - UNESCO World Heritage Centre","place_specific","PASSED","Verified live HTTP 200 on 2026-09-10. Title: ""Group of Monuments at Mahabalipuram - UNESCO World Heritage Centre"""